Workbook

Sheet SU 2026 All Team
H1: Week 1 | I1: Week 2 | J1: Week 3 | K1: Week 4 | L1: Week 5 | M1: Week 6 | N1: Week 7 | O1: Week 8 | P1: Week 9 | Q1: Week 10 | R1: Week 11 | S1: Week 12 | T1: Week 13 | U1: Week 14 | V1: Week 15 | W1: Week 16
A2: Team Member | B2: Team | C2: Metric | D2: Purpose | E2: Source | F2: Threshold # | G2: Goal # | H2: 46152 | I2: =H3+1 -> 46159 | J2: =I3+1 -> 46166 | K2: =J3+1 -> 46173 | L2: =K3+1 -> 46180 | M2: =L3+1 -> 46187 | N2: =M3+1 -> 46194 | O2: =N3+1 -> 46201 | P2: =O3+1 -> 46208 | ... W2: =V3+1 -> 46257
H3: 46158 | I3: =I2+6 -> 46165 | J3: =J2+6 -> 46172 | K3: =K2+6 -> 46179 | L3: =L2+6 -> 46186 | M3: =M2+6 -> 46193 | N3: =N2+6 -> 46200 | O3: =O2+6 -> 46207 | P3: =P2+6 -> 46214 | ... W3: =W2+6 -> 46263
A4: Operations | B4: Operations | C4: Overdue A/R (30 Days) | D4: We're managing our cashflow and payments. | E4: Quickbooks | F4: {=Ops!E4:Z4} -> 3000 | G4: 0 | H4: 2000 | I4: 2000 | J4: 6080 | K4: 7028.64 | L4: 2948.64 | M4: 2948.64 | N4: 7094 | O4: 2948.64 | P4: 2948.64 | Q4: 2948.64 | R4: 2948.64 | S4: 2948.64 | T4: 2000 | U4: 2000 | V4: 2000 | W4: 2000 | X4: 0 | Y4: 0 | Z4: 0 | AA4: 0
B5: Operations | C5: Down exhibits | D5: We're maintaining exhibits for visitors. | E5: Manual | F5: {=Ops!#REF!} -> #REF!
A6: Kristie | B6: Operations | C6: Event Participation | D6: Our facility is welcoming community members beyond the gallery. | E6: SalesForce | F6: {=Ops!E6:Z6} -> 750 | G6: 2000 | H6: 1060 | I6: 990 | J6: 1040 | K6: 1925 | L6: 3586 | M6: 3063 | N6: 2235 | O6: 950 | P6: 900 | Q6: 1160 | R6: 1078 | S6: 1344 | T6: 758 | U6: 900 | V6: 970 | W6: 862 | X6: 0 | Y6: 0 | Z6: 0 | AA6: 0
B7: Education | C7: Onsite Participation | D7: We're growing our onsite programming participation. | E7: Veevart | F7: {=Education!E4:X4} -> 0 | G7: 0.08 | H7: 0 | I7: 0 | J7: 0 | K7: 0 | L7: 0 | M7: 0 | N7: 0 | O7: 0 | P7: 0 | Q7: 0 | R7: 0 | S7: 0 | T7: 0 | U7: 0 | V7: 0 | W7: 0 | X7: 0 | Y7: 0
A8: Partnerships | B8: Education | C8: Offsite Participation | D8: We're growing our educational reach. | E8: Programs Sheet | F8: {=Education!E13:X13} -> 0% | G8: 12% | H8: -0.28567996 | I8: -0.32226603 | J8: -0.4 | K8: -0.22 | L8: 0.16 | M8: 0.23 | N8: -0.59 | O8: -0.18 | P8: -0.41 | Q8: -0.48 | R8: -0.75 | S8: -0.71 | T8: -0.84 | U8: -0.8 | V8: -0.96 | W8: -0.79 | X8: 0 | Y8: 0
A9: Products | B9: Public Engagement | C9: Facebook Views | D9: We're engaging with followers on our largest platform. | E9: Meta | F9: {='Public Engagement'!E24:T24} -> 10000 | G9: 18000 | H9: 16600 | I9: 9400 | J9: 15600 | K9: 10000 | L9: 11400 | M9: 9800 | N9: 16200 | O9: 11400 | P9: 7400 | Q9: 6500 | R9: 36900 | S9: 15900 | T9: 16700 | U9: 18800
A10: Products | B10: Public Engagement | C10: Gallery Visitors | D10: Our gallery is a place the community frequents. | E10: Veevart | F10: {='Public Engagement'!E9:T9} -> 1000 | G10: 2000 | H10: 1508 | I10: 1779 | J10: 1050 | K10: 900 | L10: 1399 | M10: 1530 | N10: 1438 | O10: 1155 | P10: 1799 | Q10: 1955 | R10: 1459 | S10: 1758 | T10: 1737 | U10: 1850
A11: Community | B11: Public Engagement | C11: Memberships | D11: We're growing new and renewing comm memberships. | E11: Veevart | F11: {='Public Engagement'!E5:T5} -> 1700 | G11: 1800 | H11: 1722 | I11: 1750 | J11: 1665 | K11: 1696 | L11: 1732 | M11: 1761 | N11: 1794 | O11: 1755 | P11: 1758 | Q11: 1772 | R11: 1782 | S11: 1670 | T11: 1692 | U11: 1727
B14: Determinants: metrics that 1) reflect mission impact, growth, and issues, 2) have someone accountable, and 3) indicate change.

Sheet Ops
G1: Week 1 | H1: Week 2 | I1: Week 3 | J1: Week 4 | K1: Week 5 | L1: Week 6 | M1: Week 7 | N1: Week 8 | O1: Week 9 | P1: Week 10 | Q1: Week 11 | R1: Week 12 | S1: Week 13 | T1: Week 14 | U1: Week 15 | V1: Week 16
A2: Team Member | B2: Metric | C2: Purpose | D2: Source | E2: Threshold # | F2: Goal # | G2: 46152 | H2: =G3+1 -> 46159 | I2: =H3+1 -> 46166 | J2: =I3+1 -> 46173 | K2: =J3+1 -> 46180 | L2: =K3+1 -> 46187 | M2: =L3+1 -> 46194 | N2: =M3+1 -> 46201 | O2: =N3+1 -> 46208 | ... V2: =U3+1 -> 46257
G3: 46158 | H3: =H2+6 -> 46165 | I3: =I2+6 -> 46172 | J3: =J2+6 -> 46179 | K3: =K2+6 -> 46186 | L3: =L2+6 -> 46193 | M3: =M2+6 -> 46200 | N3: =N2+6 -> 46207 | O3: =O2+6 -> 46214 | ... V3: =V2+6 -> 46263
A4: Sherri | B4: Overdue A/R (30 Days) | C4: We're managing our cashflow and receivables. | D4: Quickbooks | E4: 3000 | F4: 0 | G4: 2000 | H4: 2000 | I4: 6080 | J4: 7028.64 | K4: 2948.64 | L4: 2948.64 | M4: 7094 | N4: 2948.64 | O4: 2948.64 | P4: 2948.64 | Q4: 2948.64 | R4: 2948.64 | S4: 2000 | T4: 2000 | U4: 2000 | V4: 2000
A5: Kristie | B5: Facility Events | C5: Our facility events are supporting our mission. (1mo) | D5: Outlook calendar | E5: 10 | F5: 20 | G5: 12 | H5: 9 | I5: 10 | J5: 13 | K5: 16 | L5: 12 | M5: 11 | N5: 6 | O5: 5 | P5: 7 | Q5: 9 | R5: 8 | S5: 8 | T5: 9 | U5: 14 | V5: 10
A6: Kristie | B6: Event Participation | C6: Our facility is welcoming community members beyond the gallery. | D6: SalesForce | E6: 750 | F6: 2000 | G6: 1060 | H6: 990 | I6: 1040 | J6: 1925 | K6: 3586 | L6: 3063 | M6: 2235 | N6: 950 | O6: 900 | P6: 1160 | Q6: 1078 | R6: 1344 | S6: 758 | T6: 900 | U6: 970 | V6: 862
A7: Kristie | B7: Birthday Parties | C7: Our facility is welcoming community members to event spaces. | D7: Master calendar | E7: 3 | F7: 6 | G7: 1 | H7: 3 | I7: 2 | J7: 4 | K7: 3 | L7: 2 | M7: 2 | N7: 4 | O7: 3 | P7: 3 | Q7: 2 | R7: 0 | S7: 0 | T7: 0 | U7: 0 | V7: 1
A8: Beth | B8: Teamwork Overdue - Fac/Eve/Ops | C8: We're completing projects and tasks as scoped and on time. | D8: Teamwork | E8: 6 | F8: 3 | G8: 5 | H8: 5 | I8: 5 | J8: 13 | K8: 12 | L8: 6 | M8: 1 | N8: 12 | O8: 3 | P8: 4 | Q8: 4 | R8: 5 | S8: 2 | T8: 6 | U8: 8 | V8: 3

Sheet Education
G1: Week 1 | H1: Week 2 | I1: Week 3 | J1: Week 4 | K1: Week 5 | L1: Week 6 | M1: Week 7 | N1: Week 8 | O1: Week 9 | P1: Week 10 | Q1: Week 11 | R1: Week 12 | S1: Week 13 | T1: Week 14 | U1: Week 15 | V1: Week 16
A2: Team Member | B2: Metric | C2: Purpose | D2: Source | E2: Threshold # | F2: Goal # | G2: 46152 | H2: =G3+1 -> 46159 | I2: =H3+1 -> 46166 | J2: =I3+1 -> 46173 | K2: =J3+1 -> 46180 | L2: =K3+1 -> 46187 | M2: =L3+1 -> 46194 | N2: =M3+1 -> 46201 | O2: =N3+1 -> 46208 | ... V2: =U3+1 -> 46257
G3: 46158 | H3: =H2+6 -> 46165 | I3: =I2+6 -> 46172 | J3: =J2+6 -> 46179 | K3: =K2+6 -> 46186 | L3: =L2+6 -> 46193 | M3: =M2+6 -> 46200 | N3: =N2+6 -> 46207 | O3: =O2+6 -> 46214 | ... V3: =V2+6 -> 46263
A4: Alisha | B4: Onsite Programming | C4: We're growing onsite programming (Last 30 days, compared to last year.) | D4: Programs Sheet | E4: 0 | F4: 0.08
A5: Onsite
A6: Alisha | B6: Onsite Participants | C6: We're continually providing events (Last 30 days) | D6: SalesForce | E6: 125 | F6: 300 | G6: 306 | H6: 386 | I6: 306 | J6: 331 | K6: 364 | L6: 336 | M6: 167 | N6: 107 | O6: 125 | P6: 96 | Q6: 99 | R6: 73 | S6: 34 | T6: 132 | U6: 98 | V6: 108
A7: Alisha | B7: Onsite Programming | C7: We're inviting the public outside of gallery visits and rental events (1 month rolling) | D7: Master Calendar | E7: 4 | F7: 8 | G7: 4 | H7: 3 | I7: 3 | J7: 3 | K7: 4 | L7: 3 | M7: 4 | N7: 4 | O7: 5 | P7: 4 | Q7: 4 | R7: 4 | S7: 5 | T7: 3 | U7: 4 | V7: 5
A9: Alisha | B9: Teamwork - Gallery | C9: We're staying on top of tasks (Gallery) | D9: Teamwork | E9: 10 | F9: 6 | G9: 3 | H9: 0 | I9: 27 | J9: 16 | K9: 0 | L9: 5 | M9: 0 | O9: 3 | P9: 1 | Q9: 1 | R9: 0 | S9: 1 | T9: 2 | U9: 1
A10: Alisha | B10: Teamwork - Education | C10: We're staying on top of tasks (Education) | D10: Teamwork | E10: 8 | F10: 4 | G10: 0 | H10: 8 | I10: 19 | J10: 7 | K10: 7 | L10: 1 | M10: 1 | O10: 3 | P10: 4 | Q10: 2 | R10: 2 | S10: 3 | T10: 3 | U10: 4
A11: Growing Programming
A12: Alisha | B12: Onsite Camps/Clubs | C12: We are filling onsite camps and clubs to capacity | D12: Attendance/Programs Sheet | E12: 0.75 | F12: 1 | H12: 1 | I12: 1 | J12: 1 | K12: 0.85 | L12: 0.95 | M12: 1 | N12: 1 | O12: 1 | P12: 1 | Q12: 1 | R12: 1 | S12: 1 | T12: 1
A13: Hope | B13: Offsite Participants | C13: We're growing offsite programming (Last 30 days, compared to last year.) | D13: Attendance/Programs Sheet | E13: 0% | F13: 12% | G13: =((G14-G18)/G18) -> -0.28567996 | H13: =((H14-H18)/H18) -> -0.32226603 | I13: -0.4 | J13: -0.22 | K13: 0.16 | L13: 0.23 | M13: -0.59 | N13: -0.18 | O13: -0.41 | P13: -0.48 | Q13: -0.75 | R13: -0.71 | S13: -0.84 | T13: -0.8 | U13: -0.96 | V13: -0.79
A14: Hope | B14: Offsite Participants | C14: We're growing our offsite programming reach (Last 30 days) | D14: Programs Sheet | E14: 300 | F14: 600 | G14: 2973 | H14: 3266 | I14: 2496 | J14: 2267 | K14: 1914 | L14: 2014 | M14: 1114 | N14: 1110 | O14: 633 | P14: 720 | Q14: 399 | R14: 591 | S14: 356 | T14: 334 | U14: 70 | V14: 181
A15: Community
A16: Hope | B16: Community Partners | C16: Community partnerships in programming (1 month rolling) | D16: Master Calendar + Summer Camp Schedule | E16: 6 | F16: 10 | G16: 4 | H16: 2 | I16: 0 | J16: 1 | K16: 1 | L16: 1 | M16: 0 | N16: 3 | O16: 0 | P16: 1 | Q16: 2 | R16: 0 | S16: 1 | T16: 0 | U16: 0 | V16: 1
A17: Hope | B17: Offsite Events | C17: We are pusuring new and less visited offsite program partners | E17: 0 | F17: 1 | G17: 0 | H17: 0 | I17: 0 | J17: 1 | K17: 0 | L17: 0 | M17: 0 | N17: 1 | O17: 0 | P17: 2 | Q17: 2 | R17: 0 | S17: 0 | T17: 0 | U17: 0 | V17: 1
C18: ((This year-last year)/last YEAR)*100 | F18: Last year's attendance | G18: 4162 | H18: 4819 | I18: 4162 | J18: 2925 | K18: 1418 | L18: 1552 | M18: 1860 | N18: 1339 | O18: 1103 | P18: 1145 | Q18: 1622 | R18: 1889 | S18: 2171 | T18: 1649 | U18: 1191 | V18: 867

Sheet Public Engagement
G1: Week 1 | H1: Week 2 | I1: Week 3 | J1: Week 4 | K1: Week 5 | L1: Week 6 | M1: Week 7 | N1: Week 8 | O1: Week 9 | P1: Week 10 | Q1: Week 11 | R1: Week 12 | S1: Week 13 | T1: Week 14 | U1: Week 15 | V1: Week 16
A2: Team Member | B2: Metric | C2: Purpose | D2: Source | E2: Threshold # | F2: Goal # | G2: 46152 | H2: =G3+1 -> 46159 | I2: =H3+1 -> 46166 | J2: =I3+1 -> 46173 | K2: =J3+1 -> 46180 | L2: =K3+1 -> 46187 | M2: =L3+1 -> 46194 | N2: =M3+1 -> 46201 | O2: =N3+1 -> 46208 | ... V2: =U3+1 -> 46257
G3: 46158 | H3: =H2+6 -> 46165 | I3: =I2+6 -> 46172 | J3: =J2+6 -> 46179 | K3: =K2+6 -> 46186 | L3: =L2+6 -> 46193 | M3: =M2+6 -> 46200 | N3: =N2+6 -> 46207 | O3: =O2+6 -> 46214 | ... V3: =V2+6 -> 46263
A4: Development
A5: Ashley | B5: Community Memberships | C5: We're growing community memberships. | D5: SalesForce | E5: 1700 | F5: 1800 | G5: 1722 | H5: 1750 | I5: 1665 | J5: 1696 | K5: 1732 | L5: 1761 | M5: 1794 | N5: 1755 | O5: 1758 | P5: 1772 | Q5: 1782 | R5: 1670 | S5: 1692 | T5: 1727 | U5: 1745 | V5: 1763
A6: Ashley | B6: New/Renewed Memberships | C6: We are attracting new members. | D6: SalesForce | E6: 20 | F6: 45 | G6: 32 | H6: 44 | I6: 33 | J6: 35 | K6: 45 | L6: 39 | M6: 35 | N6: 62 | O6: 16 | P6: 56 | Q6: 26 | R6: 32 | S6: 23 | T6: 36 | U6: 26 | V6: 19
A7: Ashley | B7: Renewal Rate - Last 90 Days | C7: Our members find value in continued membership. | D7: SalesForce | E7: 0.3 | F7: 0.35 | G7: 0.36 | H7: 0.36 | I7: 0.33 | J7: 0.34 | K7: 0.37 | L7: 0.38 | M7: 0.43 | N7: 0.41 | O7: 0.41 | P7: 0.41 | Q7: 0.41 | R7: 0.32 | S7: 0.3299 | T7: 0.3504 | U7: 0.36 | V7: 0.49
A8: Gallery
A9: Ashley | B9: Gallery Visitors | C9: Our gallery is a place the community frequents. | D9: SalesForce | E9: 1000 | F9: 2000 | G9: 1508 | H9: 1779 | I9: 1050 | J9: 900 | K9: 1399 | L9: 1530 | M9: 1438 | N9: 1155 | O9: 1799 | P9: 1955 | Q9: 1459 | R9: 1758 | S9: 1737 | T9: 1850 | U9: 1082 | V9: 722
A10: Dawn | B10: Field Trips/Group Visitors | C10: Our gallery is attracting schools and groups. | D10: SalesForce | E10: 50 | F10: 250 | G10: 856 | H10: 472 | I10: 0 | J10: 83 | K10: 137 | L10: 136 | M10: 69 | N10: 30 | O10: 336 | P10: 207 | Q10: 233 | R10: 85 | S10: 194 | T10: 43 | U10: 0 | V10: 0
A11: Dawn | B11: Gift Shop Sales | C11: Our gift shop offers the visitors a piece of NDGTS | D11: SalesForce | E11: 650 | F11: 850 | G11: 711.28 | H11: 1531.4 | I11: 495.42 | J11: 1101.12 | K11: 678.63 | L11: 528.86 | M11: 615.52 | N11: 990.64 | O11: 1039.63 | P11: 1132.01 | Q11: 1204.19 | R11: 868.4 | S11: 629.49 | T11: 934.06 | U11: 803.49 | V11: 398.12
A12: Website
A13: Ashley | B13: Teamwork | C13: We're following through on priorities. | D13: Teamwork | E13: 6 | F13: 3 | G13: 4 | H13: 5 | I13: 5 | J13: 4 | K13: 1 | L13: 5 | M13: 3 | N13: 3 | O13: 3 | P13: 1 | Q13: 0 | R13: 3 | S13: 3 | T13: 3 | U13: 1 | V13: 3
A14: Ashley | B14: "Gateway to Science" Search | C14: Our mission is known in the community. | D14: GSC | E14: 250 | F14: 350 | G14: 344 | H14: 347 | I14: 303 | J14: 258 | K14: 341 | L14: 373 | M14: 373 | N14: 296 | O14: 391 | P14: 387 | Q14: 386 | R14: 327 | S14: 321 | T14: 311 | U14: 262 | V14: 245
A15: Ashley | B15: Site Health | C15: An important marketing tool is working. | D15: ahrefs | E15: 95 | F15: 98 | G15: 98 | H15: 99 | I15: 99 | J15: 99 | K15: 99 | L15: 99 | M15: 99 | N15: 99 | O15: 99 | P15: 99 | Q15: 99 | R15: 99 | S15: 90 | T15: 90 | U15: 90 | V15: 90
A16: Ashley | B16: Monthly Visitors (1m trailing) | C16: Our site is useful, compelling, and engaging to visitors. | D16: GA | E16: 5000 | F16: 7000 | G16: 4924 | H16: 4409 | I16: 4980 | J16: 4987 | K16: 5198 | L16: 5228 | M16: 5314 | N16: 4983 | O16: 5053 | P16: 4795 | Q16: 4953 | R16: 5006 | S16: 4676 | T16: 7578 | U16: 7592 | V16: 7465
A17: Ashley | B17: Monthly Pageviews (1m trailing) | C17: Our site is useful, compelling, and engaging to visitors. | D17: GA | E17: 15000 | F17: 17000 | G17: 16973 | H17: 16976 | I17: 17663 | J17: 18117 | K17: 18952 | L17: 18718 | M17: 19045 | N17: 16514 | O17: 16079 | P17: 16057 | Q17: 16453 | R17: 16877 | S17: 16501 | T17: 19760 | U17: 19178 | V17: 18633
A19: Ashley | B19: News Article Posts (Last 30 Days) | C19: What we share is reaching audiences. | D19: GA | E19: 1000 | F19: 3000 | G19: 1611 | H19: 1579 | I19: 1506 | J19: 1974 | K19: 2623 | L19: 2599 | M19: 2643 | N19: 2080 | O19: 1403 | P19: 1675 | Q19: 1679 | R19: 1738 | S19: 1493 | T19: 1767 | U19: 1871 | V19: 1870
A20: Ashley | B20: Average Engagement Time | C20: Our site is useful, compelling, and engaging to visitors. | D20: GA | E20: 0.041666667 | F20: 0.083333333 | G20: 0.052083333 | H20: 0.05625 | I20: 0.054861111 | J20: 0.050694444 | K20: 0.05 | L20: 0.045833333 | M20: 0.046527778 | N20: 0.042361111 | O20: 0.043055556 | P20: 0.044444444 | Q20: 0.044444444 | R20: 0.045138889 | S20: 0.048611111 | T20: 0.036805556 | U20: 0.036805556 | V20: 0.034722222
A21: Ashley | B21: Lawyerist Page Engagement | C21: Users are engaging with products through product pages. | D21: Google Tag Manager | E21: ? | F21: ='Public Engagement'!E23 -> 500
A22: Social + Email
A23: Julia | B23: Instagram Impressions/Reach | C23: Our Instagram is relevant and useful. | D23: Facebook | E23: 500 | F23: 1000 | G23: 1200 | H23: 1500 | I23: 1600 | J23: 843 | K23: 661 | L23: 1500 | M23: 488 | N23: 341 | O23: 2100 | P23: 669 | Q23: 1600 | R23: 2600 | S23: 546 | T23: 539 | U23: 726 | V23: 1500
A24: Julia | B24: Facebook Post Views | C24: Our Facebook is relevant and useful. | D24: Facebook | E24: 10000 | F24: 18000 | G24: 16600 | H24: 9400 | I24: 15600 | J24: 10000 | K24: 11400 | L24: 9800 | M24: 16200 | N24: 11400 | O24: 7400 | P24: 6500 | Q24: 36900 | R24: 15900 | S24: 16700 | T24: 18800 | U24: 16900 | V24: 23900
A25: Julia | B25: Email Subscribers | C25: Our email list is healthy and growing. | D25: MailChimp | E25: 6000 | F25: 6250 | G25: 5985 | H25: 5988 | I25: 6045 | J25: 6049 | K25: 6075 | L25: 6075 | M25: 6078 | N25: 6147 | O25: 6150 | P25: 6167 | Q25: 6190 | R25: 6235 | S25: 6229 | T25: 6238 | U25: 6241 | V25: 6295
A26: Julia | B26: Email open rate (excluding donor) | C26: Our emails have content people engage with. | D26: MailChimp | E26: 0.4 | F26: 0.5 | G26: - | H26: - | I26: - | J26: 0.095 | K26: - | L26: - | M26: - | N26: - | O26: 0.1 | P26: - | Q26: - | R26: - | S26: 0.228 | T26: - | U26: - | V26: -
